Model,Accuracy,Precision,Recall,F1-Score
Random Forest,1.0,1.0,1.0,1.0
SVM,0.95,0.9493591959936888,0.95,0.9492318411800018
Logistic Regression,0.9666666666666667,0.966391341991342,0.9666666666666667,0.9641404831727414
