Model,Accuracy,Precision,Recall,F1-Score
Random Forest,0.9833333333333333,0.9834593222815308,0.9833333333333333,0.9832807282546575
SVM,0.9866666666666667,0.986730045553575,0.9866666666666667,0.9866494187107152
Logistic Regression,0.9766666666666667,0.9769540060802198,0.9766666666666667,0.9766975228766945
